{
  "roc_auc": 0.6023000000000001,
  "pr_auc": 0.5658134853026341
}