{
  "roc_auc": 0.9328279967012084,
  "pr_auc": 0.9387439428521965
}