{
  "roc_auc": 0.9174656674674603,
  "pr_auc": 0.9239717468311266
}