{
  "roc_auc": 0.750156,
  "pr_auc": 0.7698097272142161
}