{
  "roc_auc": 0.8878310444978308,
  "pr_auc": 0.8942288290735878
}