{
  "roc_auc": 0.8884635519380399,
  "pr_auc": 0.8975208718163468
}