{
  "roc_auc": 0.9394323353293415,
  "pr_auc": 0.875623594389666
}