{
  "roc_auc": 0.6324374999999999,
  "pr_auc": 0.595627809869911
}